{
  "historical_highest_rates": {
    "CNYARS": {
      "live_rate": 28.698619,
      "lowest_rate": 0.555174,
      "highest_rate": 25.569247
    },
    "CNYBWP": {
      "live_rate": 1.924527,
      "lowest_rate": 0.964894,
      "highest_rate": 1.901038
    },
    "CNYEGP": {
      "live_rate": 4.432425,
      "lowest_rate": 0.794438,
      "highest_rate": 3.581277
    },
    "CNYHTG": {
      "live_rate": 21.970013,
      "lowest_rate": 5.816201,
      "highest_rate": 21.456795
    },
    "CNYKES": {
      "live_rate": 18.508645,
      "lowest_rate": 11.028832,
      "highest_rate": 18.139182
    },
    "CNYMNT": {
      "live_rate": 507.198518,
      "lowest_rate": 180.261023,
      "highest_rate": 499.399916
    },
    "CNYPKR": {
      "live_rate": 40.02762,
      "lowest_rate": 12.256877,
      "highest_rate": 35.613694
    },
    "CNYSDG": {
      "live_rate": 85.174778,
      "lowest_rate": 0.325067,
      "highest_rate": 84.700117
    },
    "CNYSLE": {
      "live_rate": 2.968866,
      "lowest_rate": 2.436929,
      "highest_rate": 2.742733
    },
    "CNYSRD": {
      "live_rate": 4.874354,
      "lowest_rate": 0.394115,
      "highest_rate": 4.611406
    },
    "CNYTRY": {
      "live_rate": 2.71942,
      "lowest_rate": 0.209011,
      "highest_rate": 2.70891
    },
    "CNYVES": {
      "live_rate": 3.462296,
      "lowest_rate": 1.20291,
      "highest_rate": 2.478406
    }
  },
  "historical_highest_rates_90": {
    "CNYBDT": {
      "live_rate": 15.10485,
      "lowest_rate": 10.065784,
      "highest_rate": 15.241294
    },
    "CNYBIF": {
      "live_rate": 298.261713,
      "lowest_rate": 0.129713,
      "highest_rate": 323.154888
    },
    "CNYBTN": {
      "live_rate": 11.773514,
      "lowest_rate": 6.484972,
      "highest_rate": 12.161357
    },
    "CNYCOP": {
      "live_rate": 681.812378,
      "lowest_rate": 265.408769,
      "highest_rate": 708.655003
    },
    "CNYETB": {
      "live_rate": 7.721541,
      "lowest_rate": 1.565671,
      "highest_rate": 8.155252
    },
    "CNYGMD": {
      "live_rate": 8.786468,
      "lowest_rate": 3.80543,
      "highest_rate": 8.981045
    },
    "CNYINR": {
      "live_rate": 11.764318,
      "lowest_rate": 6.477894,
      "highest_rate": 12.194817
    },
    "CNYLAK": {
      "live_rate": 2428.627561,
      "lowest_rate": 680.138088,
      "highest_rate": 2591.363467
    },
    "CNYLBP": {
      "live_rate": 2153.605177,
      "lowest_rate": 109.344236,
      "highest_rate": 2236.280784
    },
    "CNYMGA": {
      "live_rate": 618.136084,
      "lowest_rate": 0.495639,
      "highest_rate": 649.472688
    },
    "CNYMMK": {
      "live_rate": 301.307302,
      "lowest_rate": 0.952418,
      "highest_rate": 312.693151
    },
    "CNYMWK": {
      "live_rate": 145.929131,
      "lowest_rate": 20.981016,
      "highest_rate": 153.741899
    },
    "CNYNGN": {
      "live_rate": 66.085437,
      "lowest_rate": 21.857157,
      "highest_rate": 66.240927
    },
    "CNYNPR": {
      "live_rate": 18.837901,
      "lowest_rate": 10.305523,
      "highest_rate": 19.458182
    },
    "CNYRWF": {
      "live_rate": 156.399321,
      "lowest_rate": 74.519872,
      "highest_rate": 164.240955
    },
    "CNYSBD": {
      "live_rate": 1.18343,
      "lowest_rate": 0.000122,
      "highest_rate": 1.290664
    },
    "CNYSEK": {
      "live_rate": 1.538984,
      "lowest_rate": 0.926385,
      "highest_rate": 1.587217
    },
    "CNYSYP": {
      "live_rate": 360.474861,
      "lowest_rate": 6.640915,
      "highest_rate": 398.13626
    },
    "CNYUAH": {
      "live_rate": 5.298869,
      "lowest_rate": 1.148957,
      "highest_rate": 5.49572
    },
    "CNYZAR": {
      "live_rate": 2.670317,
      "lowest_rate": 1.003041,
      "highest_rate": 2.71613
    }
  },
  "historical_highest_rates_80": {
    "CNYBYR": {
      "live_rate": 2812.81654,
      "lowest_rate": 414.85457,
      "highest_rate": 3367.178145
    },
    "CNYCDF": {
      "live_rate": 293.910616,
      "lowest_rate": 127.434964,
      "highest_rate": 319.406325
    },
    "CNYCUP": {
      "live_rate": 3.803043,
      "lowest_rate": 0.143698,
      "highest_rate": 4.229985
    },
    "CNYFKP": {
      "live_rate": 0.121045,
      "lowest_rate": 0.089575,
      "highest_rate": 0.125277
    },
    "CNYGGP": {
      "live_rate": 0.121045,
      "lowest_rate": 0.093913,
      "highest_rate": 0.125277
    },
    "CNYGIP": {
      "live_rate": 0.121045,
      "lowest_rate": 0.089641,
      "highest_rate": 0.125277
    },
    "CNYIDR": {
      "live_rate": 2216.384624,
      "lowest_rate": 1311.869627,
      "highest_rate": 2346.81137
    },
    "CNYIMP": {
      "live_rate": 0.121045,
      "lowest_rate": 0.093913,
      "highest_rate": 0.125277
    },
    "CNYIQD": {
      "live_rate": 209.362098,
      "lowest_rate": 97.710347,
      "highest_rate": 232.129466
    },
    "CNYJEP": {
      "live_rate": 0.121045,
      "lowest_rate": 0.093913,
      "highest_rate": 0.125277
    },
    "CNYJPY": {
      "live_rate": 19.669553,
      "lowest_rate": 11.911286,
      "highest_rate": 20.85269
    },
    "CNYKPW": {
      "live_rate": 129.157533,
      "lowest_rate": 18.663778,
      "highest_rate": 148.738745
    },
    "CNYLKR": {
      "live_rate": 47.340609,
      "lowest_rate": 16.517458,
      "highest_rate": 54.771777
    },
    "CNYLTL": {
      "live_rate": 0.423751,
      "lowest_rate": 0.056004,
      "highest_rate": 0.503873
    },
    "CNYMUR": {
      "live_rate": 6.752357,
      "lowest_rate": 4.182473,
      "highest_rate": 7.152781
    },
    "CNYNOK": {
      "live_rate": 1.533243,
      "lowest_rate": 0.806897,
      "highest_rate": 1.659114
    },
    "CNYPGK": {
      "live_rate": 0.505537,
      "lowest_rate": 0.043215,
      "highest_rate": 0.561422
    },
    "CNYPYG": {
      "live_rate": 1030.408344,
      "lowest_rate": 583.531873,
      "highest_rate": 1116.097517
    },
    "CNYTOP": {
      "live_rate": 0.340781,
      "lowest_rate": 0.229199,
      "highest_rate": 0.365126
    },
    "CNYUZS": {
      "live_rate": 1633.242166,
      "lowest_rate": 220.920736,
      "highest_rate": 1817.267235
    },
    "CNYZMK": {
      "live_rate": 1291.767567,
      "lowest_rate": 1.289793,
      "highest_rate": 1436.791227
    }
  },
  "historical_highest_rates_70": {
    "CNYAUD": {
      "live_rate": 0.217913,
      "lowest_rate": 0.140509,
      "highest_rate": 0.245038
    },
    "CNYAZN": {
      "live_rate": 0.243653,
      "lowest_rate": 0.116243,
      "highest_rate": 0.279131
    },
    "CNYBRL": {
      "live_rate": 0.73845,
      "lowest_rate": 0.238299,
      "highest_rate": 0.901696
    },
    "CNYDZD": {
      "live_rate": 19.647808,
      "lowest_rate": 10.445022,
      "highest_rate": 22.628378
    },
    "CNYFJD": {
      "live_rate": 0.321135,
      "lowest_rate": 0.264559,
      "highest_rate": 0.344997
    },
    "CNYGBP": {
      "live_rate": 0.121174,
      "lowest_rate": 0.089543,
      "highest_rate": 0.129939
    },
    "CNYHUF": {
      "live_rate": 51.480319,
      "lowest_rate": 26.827327,
      "highest_rate": 62.038137
    },
    "CNYISK": {
      "live_rate": 20.398667,
      "lowest_rate": 14.314489,
      "highest_rate": 22.429674
    },
    "CNYJMD": {
      "live_rate": 21.988762,
      "lowest_rate": 12.680482,
      "highest_rate": 24.833938
    },
    "CNYMAD": {
      "live_rate": 1.501335,
      "lowest_rate": 1.135735,
      "highest_rate": 1.625846
    },
    "CNYMRO": {
      "live_rate": 51.233419,
      "lowest_rate": 30.010952,
      "highest_rate": 56.582241
    },
    "CNYNIO": {
      "live_rate": 5.247424,
      "lowest_rate": 2.816907,
      "highest_rate": 6.284482
    },
    "CNYNZD": {
      "live_rate": 0.23502,
      "lowest_rate": 0.17704,
      "highest_rate": 0.251459
    },
    "CNYPHP": {
      "live_rate": 7.928483,
      "lowest_rate": 6.340887,
      "highest_rate": 8.405644
    },
    "CNYPLN": {
      "live_rate": 0.637261,